# MPI library Open MPI v4.1.1, package: Open MPI spacker@hydra.par.tuwien.ac.at Distribution, ident: 4.1.1, repo rev: v4.1.1, Apr 24, 2021
# Run command /home/staff/vardas/repos/splatt/./build/Linux-x86_64/bin/splatt cpd enron.tns -r 25 -t 1
# mpisee Version 0.2
# mpisee Build date Mar  9 2022, 15:07:03
# mpisee env
# Profile date Wed Mar  9 15:08:02 2022
#@ mapping_l 0 hydra01,1 hydra01,2 hydra01,3 hydra01,4 hydra01,5 hydra01,6 hydra01,7 hydra01,8 hydra01,9 hydra01,10 hydra01,11 hydra01,12 hydra01,13 hydra01,14 hydra01,15 hydra01,16 hydra01,17 hydra01,18 hydra01,19 hydra01,20 hydra01,21 hydra01,22 hydra01,23 hydra01,24 hydra01,25 hydra01,26 hydra01,27 hydra01,28 hydra01,29 hydra01,30 hydra01,31 hydra01,32 hydra02,33 hydra02,34 hydra02,35 hydra02,36 hydra02,37 hydra02,38 hydra02,39 hydra02,40 hydra02,41 hydra02,42 hydra02,43 hydra02,44 hydra02,45 hydra02,46 hydra02,47 hydra02,48 hydra02,49 hydra02,50 hydra02,51 hydra02,52 hydra02,53 hydra02,54 hydra02,55 hydra02,56 hydra02,57 hydra02,58 hydra02,59 hydra02,60 hydra02,61 hydra02,62 hydra02,63 hydra02,64 hydra03,65 hydra03,66 hydra03,67 hydra03,68 hydra03,69 hydra03,70 hydra03,71 hydra03,72 hydra03,73 hydra03,74 hydra03,75 hydra03,76 hydra03,77 hydra03,78 hydra03,79 hydra03,80 hydra03,81 hydra03,82 hydra03,83 hydra03,84 hydra03,85 hydra03,86 hydra03,87 hydra03,88 hydra03,89 hydra03,90 hydra03,91 hydra03,92 hydra03,93 hydra03,94 hydra03,95 hydra03,96 hydra04,97 hydra04,98 hydra04,99 hydra04,100 hydra04,101 hydra04,102 hydra04,103 hydra04,104 hydra04,105 hydra04,106 hydra04,107 hydra04,108 hydra04,109 hydra04,110 hydra04,111 hydra04,112 hydra04,113 hydra04,114 hydra04,115 hydra04,116 hydra04,117 hydra04,118 hydra04,119 hydra04,120 hydra04,121 hydra04,122 hydra04,123 hydra04,124 hydra04,125 hydra04,126 hydra04,127 hydra04,128 hydra05,129 hydra05,130 hydra05,131 hydra05,132 hydra05,133 hydra05,134 hydra05,135 hydra05,136 hydra05,137 hydra05,138 hydra05,139 hydra05,140 hydra05,141 hydra05,142 hydra05,143 hydra05,144 hydra05,145 hydra05,146 hydra05,147 hydra05,148 hydra05,149 hydra05,150 hydra05,151 hydra05,152 hydra05,153 hydra05,154 hydra05,155 hydra05,156 hydra05,157 hydra05,158 hydra05,159 hydra05,160 hydra06,161 hydra06,162 hydra06,163 hydra06,164 hydra06,165 hydra06,166 hydra06,167 hydra06,168 hydra06,169 hydra06,170 hydra06,171 hydra06,172 hydra06,173 hydra06,174 hydra06,175 hydra06,176 hydra06,177 hydra06,178 hydra06,179 hydra06,180 hydra06,181 hydra06,182 hydra06,183 hydra06,184 hydra06,185 hydra06,186 hydra06,187 hydra06,188 hydra06,189 hydra06,190 hydra06,191 hydra06,192 hydra07,193 hydra07,194 hydra07,195 hydra07,196 hydra07,197 hydra07,198 hydra07,199 hydra07,200 hydra07,201 hydra07,202 hydra07,203 hydra07,204 hydra07,205 hydra07,206 hydra07,207 hydra07,208 hydra07,209 hydra07,210 hydra07,211 hydra07,212 hydra07,213 hydra07,214 hydra07,215 hydra07,216 hydra07,217 hydra07,218 hydra07,219 hydra07,220 hydra07,221 hydra07,222 hydra07,223 hydra07,224 hydra08,225 hydra08,226 hydra08,227 hydra08,228 hydra08,229 hydra08,230 hydra08,231 hydra08,232 hydra08,233 hydra08,234 hydra08,235 hydra08,236 hydra08,237 hydra08,238 hydra08,239 hydra08,240 hydra08,241 hydra08,242 hydra08,243 hydra08,244 hydra08,245 hydra08,246 hydra08,247 hydra08,248 hydra08,249 hydra08,250 hydra08,251 hydra08,252 hydra08,253 hydra08,254 hydra08,255 hydra08
#@ metric_l VOL,TIME,NCALLS
#@ metric_type_l int,float,int
#@ rank_start_l 0.000000,0.000000,0.000000,0.000000,0.000000,0.000000,0.000000,0.000000,0.000000,0.000000,0.000000,0.000000,0.000000,0.000000,0.000000,0.000000,0.000000,0.000000,0.000000,0.000000,0.000000,0.000000,0.000000,0.000000,0.000000,0.000000,0.000000,0.000000,0.000000,0.000000,0.000000,0.000000,0.000000,0.000000,0.000000,0.000000,0.000000,0.000000,0.000000,0.000000,0.000000,0.000000,0.000000,0.000000,0.000000,0.000000,0.000000,0.000000,0.000000,0.000000,0.000000,0.000000,0.000000,0.000000,0.000000,0.000000,0.000000,0.000000,0.000000,0.000000,0.000000,0.000000,0.000000,0.000000,0.000000,0.000000,0.000000,0.000000,0.000000,0.000000,0.000000,0.000000,0.000000,0.000000,0.000000,0.000000,0.000000,0.000000,0.000000,0.000000,0.000000,0.000000,0.000000,0.000000,0.000000,0.000000,0.000000,0.000000,0.000000,0.000000,0.000000,0.000000,0.000000,0.000000,0.000000,0.000000,0.000000,0.000000,0.000000,0.000000,0.000000,0.000000,0.000000,0.000000,0.000000,0.000000,0.000000,0.000000,0.000000,0.000000,0.000000,0.000000,0.000000,0.000000,0.000000,0.000000,0.000000,0.000000,0.000000,0.000000,0.000000,0.000000,0.000000,0.000000,0.000000,0.000000,0.000000,0.000000,0.000000,0.000000,0.000000,0.000000,0.000000,0.000000,0.000000,0.000000,0.000000,0.000000,0.000000,0.000000,0.000000,0.000000,0.000000,0.000000,0.000000,0.000000,0.000000,0.000000,0.000000,0.000000,0.000000,0.000000,0.000000,0.000000,0.000000,0.000000,0.000000,0.000000,0.000000,0.000000,0.000000,0.000000,0.000000,0.000000,0.000000,0.000000,0.000000,0.000000,0.000000,0.000000,0.000000,0.000000,0.000000,0.000000,0.000000,0.000000,0.000000,0.000000,0.000000,0.000000,0.000000,0.000000,0.000000,0.000000,0.000000,0.000000,0.000000,0.000000,0.000000,0.000000,0.000000,0.000000,0.000000,0.000000,0.000000,0.000000,0.000000,0.000000,0.000000,0.000000,0.000000,0.000000,0.000000,0.000000,0.000000,0.000000,0.000000,0.000000,0.000000,0.000000,0.000000,0.000000,0.000000,0.000000,0.000000,0.000000,0.000000,0.000000,0.000000,0.000000,0.000000,0.000000,0.000000,0.000000,0.000000,0.000000,0.000000,0.000000,0.000000,0.000000,0.000000,0.000000,0.000000,0.000000,0.000000,0.000000,0.000000,0.000000,0.000000,0.000000,0.000000,0.000000,0.000000,0.000000,0.000000,0.000000,0.000000,0.000000,0.000000,0.000000,0.000000,0.000000,0.000000,0.000000,0.000000,0.000000
#@ rank_end_l 36.850442,36.850216,36.850199,36.850122,36.850231,36.850256,36.850222,36.850259,36.850235,36.850253,36.850222,36.850126,36.850217,36.850123,36.850226,36.850282,36.850193,36.850122,36.850239,36.850125,36.850096,36.850172,36.850084,36.850126,36.850043,36.850099,36.850047,36.850104,36.850044,36.850096,36.850008,36.850091,36.850645,36.850613,36.850647,36.850619,36.850685,36.850701,36.850704,36.850704,36.850641,36.850674,36.850674,36.850705,36.850647,36.850676,36.850640,36.850637,36.850645,36.850538,36.850552,36.850583,36.850493,36.850610,36.850502,36.850532,36.850592,36.850544,36.850502,36.850554,36.850508,36.850539,36.850489,36.850548,36.850552,36.850538,36.850547,36.850499,36.850532,36.850523,36.850539,36.850530,36.850382,36.850494,36.850393,36.850502,36.850388,36.850494,36.850425,36.850382,36.850377,36.850372,36.850411,36.850372,36.850376,36.850371,36.850357,36.850360,36.850423,36.850340,36.850387,36.850377,36.850391,36.850398,36.850383,36.850352,36.850260,36.850208,36.850270,36.850260,36.850236,36.850226,36.850242,36.850253,36.850226,36.850245,36.850238,36.850240,36.850226,36.850234,36.850246,36.850243,36.850215,36.850228,36.850244,36.850229,36.850238,36.850224,36.850080,36.850117,36.850206,36.850088,36.850170,36.850090,36.850077,36.850089,36.850078,36.850120,36.849896,36.849882,36.849983,36.849914,36.849975,36.849905,36.849911,36.849807,36.849946,36.849789,36.849904,36.849794,36.849990,36.849795,36.849986,36.849798,36.849836,36.849789,36.849808,36.849789,36.849853,36.849775,36.849843,36.849794,36.849861,36.849794,36.849855,36.849792,36.849843,36.849786,36.849801,36.849793,36.850153,36.850032,36.850089,36.850142,36.850152,36.850049,36.850153,36.850057,36.850057,36.850093,36.850112,36.850004,36.850119,36.850125,36.850028,36.850140,36.850041,36.850081,36.850003,36.850014,36.850040,36.849945,36.850085,36.850017,36.850019,36.850078,36.850060,36.850063,36.850032,36.849933,36.849942,36.850056,36.850378,36.850356,36.850403,36.850377,36.850384,36.850347,36.850386,36.850297,36.850322,36.850319,36.850281,36.850404,36.850364,36.850294,36.850314,36.850403,36.850300,36.850318,36.850220,36.850363,36.850252,36.850304,36.850262,36.850387,36.850199,36.850325,36.850310,36.850297,36.850266,36.850239,36.850306,36.850241,36.849979,36.850092,36.850056,36.850105,36.850045,36.850118,36.850088,36.850151,36.850061,36.849989,36.850069,36.850108,36.850045,36.849992,36.850084,36.850122,36.850091,36.850112,36.850052,36.849996,36.850076,36.849963,36.850096,36.849973,36.849939,36.850004,36.849945,36.850030,36.849961,36.849984,36.849957,36.849958
#@ comm_l W,W_a1,W_a1_s2.0,W_a1_s3.0,W_a1_s4.0,W_a1_s5.0,W_a1_s4.1,W_a1_s4.2,W_a1_s4.3,W_a1_s4.4,W_a1_s4.5,W_a1_s4.6,W_a1_s4.7,W_a1_s4.8,W_a1_s4.9,W_a1_s4.10,W_a1_s4.11,W_a1_s4.12,W_a1_s4.13,W_a1_s4.14,W_a1_s4.15,W_a1_s4.16,W_a1_s4.17,W_a1_s4.18,W_a1_s4.19,W_a1_s4.20,W_a1_s4.21,W_a1_s4.22,W_a1_s4.23,W_a1_s4.24,W_a1_s4.25,W_a1_s4.26,W_a1_s4.27,W_a1_s4.28,W_a1_s4.29,W_a1_s4.30,W_a1_s4.31,W_a1_s4.32,W_a1_s4.33,W_a1_s4.34,W_a1_s4.35,W_a1_s4.36,W_a1_s4.37,W_a1_s4.38,W_a1_s4.39,W_a1_s4.40,W_a1_s4.41,W_a1_s4.42,W_a1_s4.43,W_a1_s4.44,W_a1_s4.45,W_a1_s4.46,W_a1_s4.47,W_a1_s4.48,W_a1_s4.49,W_a1_s4.50,W_a1_s4.51,W_a1_s4.52,W_a1_s4.53,W_a1_s4.54,W_a1_s4.55,W_a1_s4.56,W_a1_s4.57,W_a1_s4.58,W_a1_s4.59,W_a1_s4.60,W_a1_s4.61,W_a1_s4.62,W_a1_s4.63,W_a1_s3.64,W_a1_s2.128
#@ comm_sz_l 256,256,128,128,4,256,4,4,4,4,4,4,4,4,4,4,4,4,4,4,4,4,4,4,4,4,4,4,4,4,4,4,4,4,4,4,4,4,4,4,4,4,4,4,4,4,4,4,4,4,4,4,4,4,4,4,4,4,4,4,4,4,4,4,4,4,4,4,4,128,128
#@ call_l Send,Recv,Isend,Irecv,Ssend,Issend,Probe,Iprobe,Waitall,Wait,Waitany,Test,Testany,Testall,Sendrecv,Bcast,Barrier,Allreduce,Allgather,Allgatherv,Alltoall,Alltoallv,Alltoallw,Reduce,Gather,Gatherv,Scan,Exscan,Scatter,Scatterv,Reduce_scatter,Iallreduce,Ibcast,Ialltoall,Iscatter,Ibarrier
Rank,Call,Comm,Type,Val
0,21,2,0,10540000
0,21,2,1,0.130452
0,21,2,2,100
0,21,3,0,16900000
0,21,3,1,0.759229
0,21,3,2,101
0,21,4,0,414200
0,21,4,1,0.059257
0,21,4,2,101
0,21,5,0,9260000
0,21,5,1,0.664530
0,21,5,2,101
1,21,2,0,10280000
1,21,2,1,0.213232
1,21,2,2,100
1,21,3,0,16850000
1,21,3,1,0.832475
1,21,3,2,101
1,21,6,0,454800
1,21,6,1,0.086654
1,21,6,2,101
1,21,5,0,9220000
1,21,5,1,0.726092
1,21,5,2,101
2,21,2,0,10930000
2,21,2,1,0.090769
2,21,2,2,100
2,21,3,0,17230000
2,21,3,1,0.729399
2,21,3,2,101
2,21,7,0,333600
2,21,7,1,0.067902
2,21,7,2,101
2,21,5,0,9490000
2,21,5,1,0.650596
2,21,5,2,101
3,21,2,0,9990000
3,21,2,1,0.339279
3,21,2,2,100
3,21,3,0,16640000
3,21,3,1,0.915611
3,21,3,2,101
3,21,8,0,312600
3,21,8,1,0.024672
3,21,8,2,101
3,21,5,0,8980000
3,21,5,1,0.801879
3,21,5,2,101
4,21,2,0,10150000
4,21,2,1,0.190263
4,21,2,2,100
4,21,3,0,16810000
4,21,3,1,0.822506
4,21,3,2,101
4,21,9,0,333000
4,21,9,1,0.040238
4,21,9,2,101
4,21,5,0,9160000
4,21,5,1,0.724727
4,21,5,2,101
5,21,2,0,10240000
5,21,2,1,0.189910
5,21,2,2,100
5,21,3,0,16920000
5,21,3,1,0.769354
5,21,3,2,101
5,21,10,0,434200
5,21,10,1,0.062779
5,21,10,2,101
5,21,5,0,9090000
5,21,5,1,0.684178
5,21,5,2,101
6,21,2,0,10060000
6,21,2,1,0.261049
6,21,2,2,100
6,21,3,0,16640000
6,21,3,1,0.836915
6,21,3,2,101
6,21,11,0,444200
6,21,11,1,0.050518
6,21,11,2,101
6,21,5,0,9090000
6,21,5,1,0.745084
6,21,5,2,101
7,21,2,0,10370000
7,21,2,1,0.229944
7,21,2,2,100
7,21,3,0,16960000
7,21,3,1,0.790905
7,21,3,2,101
7,21,12,0,485400
7,21,12,1,0.112560
7,21,12,2,101
7,21,5,0,9140000
7,21,5,1,0.711136
7,21,5,2,101
8,21,2,0,10590000
8,21,2,1,0.147797
8,21,2,2,100
8,21,3,0,17020000
8,21,3,1,0.781818
8,21,3,2,101
8,21,13,0,484800
8,21,13,1,0.061243
8,21,13,2,101
8,21,5,0,9170000
8,21,5,1,0.685572
8,21,5,2,101
9,21,2,0,10130000
9,21,2,1,0.227355
9,21,2,2,100
9,21,3,0,16940000
9,21,3,1,0.802980
9,21,3,2,101
9,21,14,0,666600
9,21,14,1,0.046889
9,21,14,2,101
9,21,5,0,8970000
9,21,5,1,0.711234
9,21,5,2,101
10,21,2,0,10670000
10,21,2,1,0.139020
10,21,2,2,100
10,21,3,0,16920000
10,21,3,1,0.775006
10,21,3,2,101
10,21,15,0,575400
10,21,15,1,0.056702
10,21,15,2,101
10,21,5,0,9230000
10,21,5,1,0.665574
10,21,5,2,101
11,21,2,0,10140000
11,21,2,1,0.194882
11,21,2,2,100
11,21,3,0,16750000
11,21,3,1,0.794533
11,21,3,2,101
11,21,16,0,696600
11,21,16,1,0.054776
11,21,16,2,101
11,21,5,0,9140000
11,21,5,1,0.691064
11,21,5,2,101
12,21,2,0,10210000
12,21,2,1,0.192526
12,21,2,2,100
12,21,3,0,16680000
12,21,3,1,0.773531
12,21,3,2,101
12,21,17,0,707200
12,21,17,1,0.044090
12,21,17,2,101
12,21,5,0,8980000
12,21,5,1,0.687533
12,21,5,2,101
13,21,2,0,10600000
13,21,2,1,0.216271
13,21,2,2,100
13,21,3,0,16970000
13,21,3,1,0.816248
13,21,3,2,101
13,21,18,0,484800
13,21,18,1,0.063247
13,21,18,2,101
13,21,5,0,9220000
13,21,5,1,0.708992
13,21,5,2,101
14,21,2,0,10380000
14,21,2,1,0.184730
14,21,2,2,100
14,21,3,0,17010000
14,21,3,1,0.746311
14,21,3,2,101
14,21,19,0,717200
14,21,19,1,0.111811
14,21,19,2,101
14,21,5,0,8960000
14,21,5,1,0.659847
14,21,5,2,101
15,21,2,0,10510000
15,21,2,1,0.079804
15,21,2,2,100
15,21,3,0,17150000
15,21,3,1,0.306893
15,21,3,2,101
15,21,20,0,614400
15,21,20,1,0.007045
15,21,20,2,101
15,21,5,0,9300000
15,21,5,1,0.543398
15,21,5,2,101
16,21,2,0,10520000
16,21,2,1,0.198426
16,21,2,2,100
16,21,3,0,16900000
16,21,3,1,0.805289
16,21,3,2,101
16,21,21,0,848200
16,21,21,1,0.061191
16,21,21,2,101
16,21,5,0,9350000
16,21,5,1,0.684455
16,21,5,2,101
17,21,2,0,10500000
17,21,2,1,0.196622
17,21,2,2,100
17,21,3,0,16840000
17,21,3,1,0.768863
17,21,3,2,101
17,21,22,0,535400
17,21,22,1,0.111350
17,21,22,2,101
17,21,5,0,9150000
17,21,5,1,0.692335
17,21,5,2,101
18,21,2,0,9960000
18,21,2,1,0.222909
18,21,2,2,100
18,21,3,0,16630000
18,21,3,1,0.729673
18,21,3,2,101
18,21,23,0,979600
18,21,23,1,0.050227
18,21,23,2,101
18,21,5,0,9030000
18,21,5,1,0.671909
18,21,5,2,101
19,21,2,0,9720000
19,21,2,1,0.228556
19,21,2,2,100
19,21,3,0,16690000
19,21,3,1,0.787973
19,21,3,2,101
19,21,24,0,848200
19,21,24,1,0.064042
19,21,24,2,101
19,21,5,0,8990000
19,21,5,1,0.682282
19,21,5,2,101
20,21,2,0,9890000
20,21,2,1,0.209004
20,21,2,2,100
20,21,3,0,16620000
20,21,3,1,0.780626
20,21,3,2,101
20,21,25,0,1059400
20,21,25,1,0.050763
20,21,25,2,101
20,21,5,0,9070000
20,21,5,1,0.677919
20,21,5,2,101
21,21,2,0,10340000
21,21,2,1,0.148297
21,21,2,2,100
21,21,3,0,16920000
21,21,3,1,0.772941
21,21,3,2,101
21,21,26,0,1190600
21,21,26,1,0.087391
21,21,26,2,101
21,21,5,0,9150000
21,21,5,1,0.654478
21,21,5,2,101
22,21,2,0,10410000
22,21,2,1,0.214596
22,21,2,2,100
22,21,3,0,16930000
22,21,3,1,0.803012
22,21,3,2,101
22,21,27,0,869000
22,21,27,1,0.172278
22,21,27,2,101
22,21,5,0,9220000
22,21,5,1,0.687554
22,21,5,2,101
23,21,2,0,10320000
23,21,2,1,0.233304
23,21,2,2,100
23,21,3,0,16830000
23,21,3,1,0.806313
23,21,3,2,101
23,21,28,0,787200
23,21,28,1,0.065116
23,21,28,2,101
23,21,5,0,9200000
23,21,5,1,0.694404
23,21,5,2,101
24,21,2,0,10190000
24,21,2,1,0.213580
24,21,2,2,100
24,21,3,0,16810000
24,21,3,1,0.779449
24,21,3,2,101
24,21,29,0,1423200
24,21,29,1,0.083409
24,21,29,2,101
24,21,5,0,9020000
24,21,5,1,0.662934
24,21,5,2,101
25,21,2,0,10270000
25,21,2,1,0.158519
25,21,2,2,100
25,21,3,0,16760000
25,21,3,1,0.795713
25,21,3,2,101
25,21,30,0,1513600
25,21,30,1,0.122990
25,21,30,2,101
25,21,5,0,9060000
25,21,5,1,0.663466
25,21,5,2,101
26,21,2,0,10210000
26,21,2,1,0.194681
26,21,2,2,100
26,21,3,0,16890000
26,21,3,1,0.784713
26,21,3,2,101
26,21,31,0,1394000
26,21,31,1,0.073222
26,21,31,2,101
26,21,5,0,9130000
26,21,5,1,0.668700
26,21,5,2,101
27,21,2,0,9780000
27,21,2,1,0.161795
27,21,2,2,100
27,21,3,0,16590000
27,21,3,1,0.765850
27,21,3,2,101
27,21,32,0,2379800
27,21,32,1,0.087616
27,21,32,2,101
27,21,5,0,8840000
27,21,5,1,0.639120
27,21,5,2,101
28,21,2,0,9550000
28,21,2,1,0.245102
28,21,2,2,100
28,21,3,0,16490000
28,21,3,1,0.780052
28,21,3,2,101
28,21,33,0,1915800
28,21,33,1,0.057356
28,21,33,2,101
28,21,5,0,8730000
28,21,5,1,0.679377
28,21,5,2,101
29,21,2,0,10230000
29,21,2,1,0.232193
29,21,2,2,100
29,21,3,0,16840000
29,21,3,1,0.819834
29,21,3,2,101
29,21,34,0,1239600
29,21,34,1,0.081266
29,21,34,2,101
29,21,5,0,8830000
29,21,5,1,0.702485
29,21,5,2,101
30,21,2,0,10380000
30,21,2,1,0.200431
30,21,2,2,100
30,21,3,0,16890000
30,21,3,1,0.774133
30,21,3,2,101
30,21,35,0,1897400
30,21,35,1,0.187044
30,21,35,2,101
30,21,5,0,9110000
30,21,5,1,0.651424
30,21,5,2,101
31,21,2,0,9960000
31,21,2,1,0.163566
31,21,2,2,100
31,21,3,0,16710000
31,21,3,1,0.757030
31,21,3,2,101
31,21,36,0,2969000
31,21,36,1,0.052365
31,21,36,2,101
31,21,5,0,8980000
31,21,5,1,0.625974
31,21,5,2,101
32,21,2,0,9710000
32,21,2,1,0.178033
32,21,2,2,100
32,21,3,0,16530000
32,21,3,1,0.770964
32,21,3,2,101
32,21,37,0,3188400
32,21,37,1,0.066637
32,21,37,2,101
32,21,5,0,9100000
32,21,5,1,0.638082
32,21,5,2,101
33,21,2,0,10320000
33,21,2,1,0.110413
33,21,2,2,100
33,21,3,0,16840000
33,21,3,1,0.680878
33,21,3,2,101
33,21,38,0,4473000
33,21,38,1,0.048843
33,21,38,2,101
33,21,5,0,9010000
33,21,5,1,0.575290
33,21,5,2,101
34,21,2,0,10250000
34,21,2,1,0.190614
34,21,2,2,100
34,21,3,0,16660000
34,21,3,1,0.715421
34,21,3,2,101
34,21,39,0,2554600
34,21,39,1,0.066023
34,21,39,2,101
34,21,5,0,9050000
34,21,5,1,0.638825
34,21,5,2,101
35,21,2,0,9890000
35,21,2,1,0.192965
35,21,2,2,100
35,21,3,0,16580000
35,21,3,1,0.733941
35,21,3,2,101
35,21,40,0,2524000
35,21,40,1,0.077123
35,21,40,2,101
35,21,5,0,8970000
35,21,5,1,0.641168
35,21,5,2,101
36,21,2,0,9920000
36,21,2,1,0.253188
36,21,2,2,100
36,21,3,0,16660000
36,21,3,1,0.806569
36,21,3,2,101
36,21,41,0,3378400
36,21,41,1,0.106112
36,21,41,2,101
36,21,5,0,9000000
36,21,5,1,0.673083
36,21,5,2,101
37,21,2,0,9600000
37,21,2,1,0.212208
37,21,2,2,100
37,21,3,0,16330000
37,21,3,1,0.676890
37,21,3,2,101
37,21,42,0,2958000
37,21,42,1,0.054176
37,21,42,2,101
37,21,5,0,8740000
37,21,5,1,0.626055
37,21,5,2,101
38,21,2,0,9690000
38,21,2,1,0.184958
38,21,2,2,100
38,21,3,0,16460000
38,21,3,1,0.777948
38,21,3,2,101
38,21,43,0,9391000
38,21,43,1,0.085481
38,21,43,2,101
38,21,5,0,8980000
38,21,5,1,0.606672
38,21,5,2,101
39,21,2,0,9910000
39,21,2,1,0.210023
39,21,2,2,100
39,21,3,0,16540000
39,21,3,1,0.781621
39,21,3,2,101
39,21,44,0,5056400
39,21,44,1,0.115401
39,21,44,2,101
39,21,5,0,8900000
39,21,5,1,0.628173
39,21,5,2,101
40,21,2,0,9430000
40,21,2,1,0.258172
40,21,2,2,100
40,21,3,0,16360000
40,21,3,1,0.773569
40,21,3,2,101
40,21,45,0,6467800
40,21,45,1,0.143615
40,21,45,2,101
40,21,5,0,8760000
40,21,5,1,0.634540
40,21,5,2,101
41,21,2,0,8850000
41,21,2,1,0.236611
41,21,2,2,100
41,21,3,0,16160000
41,21,3,1,0.600820
41,21,3,2,101
41,21,46,0,5226600
41,21,46,1,0.010489
41,21,46,2,101
41,21,5,0,8370000
41,21,5,1,0.610402
41,21,5,2,101
42,21,2,0,9320000
42,21,2,1,0.231459
42,21,2,2,100
42,21,3,0,16510000
42,21,3,1,0.763562
42,21,3,2,101
42,21,47,0,6052000
42,21,47,1,0.112270
42,21,47,2,101
42,21,5,0,8740000
42,21,5,1,0.632162
42,21,5,2,101
43,21,2,0,10020000
43,21,2,1,0.184466
43,21,2,2,100
43,21,3,0,16710000
43,21,3,1,0.628214
43,21,3,2,101
43,21,48,0,7273600
43,21,48,1,0.040856
43,21,48,2,101
43,21,5,0,8780000
43,21,5,1,0.604190
43,21,5,2,101
44,21,2,0,9970000
44,21,2,1,0.227133
44,21,2,2,100
44,21,3,0,16730000
44,21,3,1,0.700687
44,21,3,2,101
44,21,49,0,9482200
44,21,49,1,0.096621
44,21,49,2,101
44,21,5,0,8970000
44,21,5,1,0.610293
44,21,5,2,101
45,21,2,0,9690000
45,21,2,1,0.375387
45,21,2,2,100
45,21,3,0,16360000
45,21,3,1,0.915152
45,21,3,2,101
45,21,50,0,12150000
45,21,50,1,0.019576
45,21,50,2,101
45,21,5,0,8750000
45,21,5,1,0.770227
45,21,5,2,101
46,21,2,0,9690000
46,21,2,1,0.357763
46,21,2,2,100
46,21,3,0,16500000
46,21,3,1,0.910144
46,21,3,2,101
46,21,51,0,16141200
46,21,51,1,0.202113
46,21,51,2,101
46,21,5,0,8790000
46,21,5,1,0.768474
46,21,5,2,101
47,21,2,0,9730000
47,21,2,1,0.345592
47,21,2,2,100
47,21,3,0,16450000
47,21,3,1,0.686058
47,21,3,2,101
47,21,52,0,23348000
47,21,52,1,0.791195
47,21,52,2,101
47,21,5,0,8760000
47,21,5,1,0.738319
47,21,5,2,101
48,21,2,0,9190000
48,21,2,1,0.336802
48,21,2,2,100
48,21,3,0,16100000
48,21,3,1,0.897392
48,21,3,2,101
48,21,53,0,20649600
48,21,53,1,0.102783
48,21,53,2,101
48,21,5,0,8840000
48,21,5,1,0.721845
48,21,5,2,101
49,21,2,0,9570000
49,21,2,1,0.361443
49,21,2,2,100
49,21,3,0,16280000
49,21,3,1,0.728110
49,21,3,2,101
49,21,54,0,28173200
49,21,54,1,0.850351
49,21,54,2,101
49,21,5,0,8700000
49,21,5,1,0.748022
49,21,5,2,101
50,21,2,0,8600000
50,21,2,1,0.448357
50,21,2,2,100
50,21,3,0,15550000
50,21,3,1,0.808480
50,21,3,2,101
50,21,55,0,34464400
50,21,55,1,0.193902
50,21,55,2,101
50,21,5,0,8690000
50,21,5,1,0.732598
50,21,5,2,101
51,21,2,0,9220000
51,21,2,1,0.352260
51,21,2,2,100
51,21,3,0,16260000
51,21,3,1,0.725440
51,21,3,2,101
51,21,56,0,35635200
51,21,56,1,0.796145
51,21,56,2,101
51,21,5,0,8670000
51,21,5,1,0.735453
51,21,5,2,101
52,21,2,0,9010000
52,21,2,1,0.181901
52,21,2,2,100
52,21,3,0,15990000
52,21,3,1,0.556426
52,21,3,2,101
52,21,57,0,43712600
52,21,57,1,0.029276
52,21,57,2,101
52,21,5,0,8810000
52,21,5,1,0.576918
52,21,5,2,101
53,21,2,0,8850000
53,21,2,1,0.191824
53,21,2,2,100
53,21,3,0,15980000
53,21,3,1,0.560638
53,21,3,2,101
53,21,58,0,83539000
53,21,58,1,0.053908
53,21,58,2,101
53,21,5,0,8520000
53,21,5,1,0.572545
53,21,5,2,101
54,21,2,0,9870000
54,21,2,1,0.274054
54,21,2,2,100
54,21,3,0,16140000
54,21,3,1,0.640046
54,21,3,2,101
54,21,59,0,94633000
54,21,59,1,0.052176
54,21,59,2,101
54,21,5,0,8710000
54,21,5,1,0.664730
54,21,5,2,101
55,21,2,0,7990000
55,21,2,1,0.309609
55,21,2,2,100
55,21,3,0,15820000
55,21,3,1,0.664989
55,21,3,2,101
55,21,60,0,102458000
55,21,60,1,0.068800
55,21,60,2,101
55,21,5,0,8300000
55,21,5,1,0.591784
55,21,5,2,101
56,21,2,0,6980000
56,21,2,1,0.448722
56,21,2,2,100
56,21,3,0,15240000
56,21,3,1,0.849020
56,21,3,2,101
56,21,61,0,124390800
56,21,61,1,0.259346
56,21,61,2,101
56,21,5,0,8460000
56,21,5,1,0.735641
56,21,5,2,101
57,21,2,0,106390000
57,21,2,1,0.495411
57,21,2,2,100
57,21,3,0,292832400
57,21,3,1,0.956747
57,21,3,2,101
57,21,62,0,80849000
57,21,62,1,0.125823
57,21,62,2,101
57,21,5,0,131246200
57,21,5,1,0.800552
57,21,5,2,101
58,21,2,0,78720000
58,21,2,1,0.626995
58,21,2,2,100
58,21,3,0,271784000
58,21,3,1,1.117164
58,21,3,2,101
58,21,63,0,220085200
58,21,63,1,0.383153
58,21,63,2,101
58,21,5,0,278968800
58,21,5,1,0.922984
58,21,5,2,101
59,21,2,0,59620000
59,21,2,1,0.624598
59,21,2,2,100
59,21,3,0,439764000
59,21,3,1,1.109068
59,21,3,2,101
59,21,64,0,261208400
59,21,64,1,0.600110
59,21,64,2,101
59,21,5,0,172704400
59,21,5,1,0.923938
59,21,5,2,101
60,21,2,0,137990000
60,21,2,1,0.554531
60,21,2,2,100
60,21,3,0,415082600
60,21,3,1,1.013215
60,21,3,2,101
60,21,65,0,158734200
60,21,65,1,0.314468
60,21,65,2,101
60,21,5,0,216936000
60,21,5,1,0.852731
60,21,5,2,101
61,21,2,0,7000000
61,21,2,1,0.451837
61,21,2,2,100
61,21,3,0,15000000
61,21,3,1,0.859076
61,21,3,2,101
61,21,66,0,275259200
61,21,66,1,0.319812
61,21,66,2,101
61,21,5,0,8530000
61,21,5,1,0.730298
61,21,5,2,101
62,21,2,0,6110000
62,21,2,1,0.510660
62,21,2,2,100
62,21,3,0,13220000
62,21,3,1,0.936853
62,21,3,2,101
62,21,67,0,297090200
62,21,67,1,0.541246
62,21,67,2,101
62,21,5,0,7970000
62,21,5,1,0.801766
62,21,5,2,101
63,21,2,0,6100000
63,21,2,1,0.468308
63,21,2,2,100
63,21,3,0,13720000
63,21,3,1,0.927420
63,21,3,2,101
63,21,68,0,322624000
63,21,68,1,0.331025
63,21,68,2,101
63,21,5,0,57555400
63,21,5,1,0.764414
63,21,5,2,101
64,21,2,0,8140000
64,21,2,1,0.458677
64,21,2,2,100
64,21,69,0,32680000
64,21,69,1,0.531178
64,21,69,2,101
64,21,4,0,414200
64,21,4,1,0.147441
64,21,4,2,101
64,21,5,0,9310000
64,21,5,1,0.663754
64,21,5,2,101
65,21,2,0,7880000
65,21,2,1,0.494358
65,21,2,2,100
65,21,69,0,32990000
65,21,69,1,0.560949
65,21,69,2,101
65,21,6,0,434200
65,21,6,1,0.150812
65,21,6,2,101
65,21,5,0,9200000
65,21,5,1,0.714745
65,21,5,2,101
66,21,2,0,8550000
66,21,2,1,0.430056
66,21,2,2,100
66,21,69,0,34190000
66,21,69,1,0.472859
66,21,69,2,101
66,21,7,0,313000
66,21,7,1,0.151272
66,21,7,2,101
66,21,5,0,9600000
66,21,5,1,0.643886
66,21,5,2,101
67,21,2,0,7750000
67,21,2,1,0.540858
67,21,2,2,100
67,21,69,0,32370000
67,21,69,1,0.636025
67,21,69,2,101
67,21,8,0,312600
67,21,8,1,0.065114
67,21,8,2,101
67,21,5,0,9030000
67,21,5,1,0.800012
67,21,5,2,101
68,21,2,0,7710000
68,21,2,1,0.493357
68,21,2,2,100
68,21,69,0,32650000
68,21,69,1,0.597289
68,21,69,2,101
68,21,9,0,292200
68,21,9,1,0.109006
68,21,9,2,101
68,21,5,0,9260000
68,21,5,1,0.709680
68,21,5,2,101
69,21,2,0,7810000
69,21,2,1,0.463852
69,21,2,2,100
69,21,69,0,32760000
69,21,69,1,0.534582
69,21,69,2,101
69,21,10,0,413800
69,21,10,1,0.139024
69,21,10,2,101
69,21,5,0,9050000
69,21,5,1,0.684832
69,21,5,2,101
70,21,2,0,7610000
70,21,2,1,0.508758
70,21,2,2,100
70,21,69,0,32520000
70,21,69,1,0.587155
70,21,69,2,101
70,21,11,0,444200
70,21,11,1,0.110742
70,21,11,2,101
70,21,5,0,9180000
70,21,5,1,0.760358
70,21,5,2,101
71,21,2,0,7930000
71,21,2,1,0.460154
71,21,2,2,100
71,21,69,0,32910000
71,21,69,1,0.556509
71,21,69,2,101
71,21,12,0,464800
71,21,12,1,0.166432
71,21,12,2,101
71,21,5,0,9110000
71,21,5,1,0.700658
71,21,5,2,101
72,21,2,0,8020000
72,21,2,1,0.460654
72,21,2,2,100
72,21,69,0,33550000
72,21,69,1,0.528545
72,21,69,2,101
72,21,13,0,495400
72,21,13,1,0.132811
72,21,13,2,101
72,21,5,0,9300000
72,21,5,1,0.663923
72,21,5,2,101
73,21,2,0,7930000
73,21,2,1,0.481494
73,21,2,2,100
73,21,69,0,33140000
73,21,69,1,0.542093
73,21,69,2,101
73,21,14,0,666600
73,21,14,1,0.114637
73,21,14,2,101
73,21,5,0,9180000
73,21,5,1,0.731450
73,21,5,2,101
74,21,2,0,7970000
74,21,2,1,0.457571
74,21,2,2,100
74,21,69,0,32860000
74,21,69,1,0.515976
74,21,69,2,101
74,21,15,0,555000
74,21,15,1,0.131849
74,21,15,2,101
74,21,5,0,9180000
74,21,5,1,0.683849
74,21,5,2,101
75,21,2,0,7760000
75,21,2,1,0.479964
75,21,2,2,100
75,21,69,0,32830000
75,21,69,1,0.545095
75,21,69,2,101
75,21,16,0,676200
75,21,16,1,0.130249
75,21,16,2,101
75,21,5,0,9190000
75,21,5,1,0.712235
75,21,5,2,101
76,21,2,0,7890000
76,21,2,1,0.475019
76,21,2,2,100
76,21,69,0,32400000
76,21,69,1,0.552484
76,21,69,2,101
76,21,17,0,707200
76,21,17,1,0.125094
76,21,17,2,101
76,21,5,0,9030000
76,21,5,1,0.712701
76,21,5,2,101
77,21,2,0,8000000
77,21,2,1,0.433559
77,21,2,2,100
77,21,69,0,32990000
77,21,69,1,0.517966
77,21,69,2,101
77,21,18,0,484800
77,21,18,1,0.078488
77,21,18,2,101
77,21,5,0,9320000
77,21,5,1,0.669014
77,21,5,2,101
78,21,2,0,8060000
78,21,2,1,0.477087
78,21,2,2,100
78,21,69,0,33280000
78,21,69,1,0.547969
78,21,69,2,101
78,21,19,0,717200
78,21,19,1,0.200072
78,21,19,2,101
78,21,5,0,8970000
78,21,5,1,0.717760
78,21,5,2,101
79,21,2,0,8170000
79,21,2,1,0.467488
79,21,2,2,100
79,21,69,0,33470000
79,21,69,1,0.543493
79,21,69,2,101
79,21,20,0,645800
79,21,20,1,0.277022
79,21,20,2,101
79,21,5,0,9310000
79,21,5,1,0.683986
79,21,5,2,101
80,21,2,0,7970000
80,21,2,1,0.472943
80,21,2,2,100
80,21,69,0,32910000
80,21,69,1,0.566695
80,21,69,2,101
80,21,21,0,890200
80,21,21,1,0.138558
80,21,21,2,101
80,21,5,0,9320000
80,21,5,1,0.697647
80,21,5,2,101
81,21,2,0,8040000
81,21,2,1,0.465332
81,21,2,2,100
81,21,69,0,33030000
81,21,69,1,0.551212
81,21,69,2,101
81,21,22,0,535400
81,21,22,1,0.179723
81,21,22,2,101
81,21,5,0,9290000
81,21,5,1,0.704990
81,21,5,2,101
82,21,2,0,7620000
82,21,2,1,0.480954
82,21,2,2,100
82,21,69,0,31610000
82,21,69,1,0.552874
82,21,69,2,101
82,21,23,0,1010800
82,21,23,1,0.142128
82,21,23,2,101
82,21,5,0,9020000
82,21,5,1,0.708342
82,21,5,2,101
83,21,2,0,7540000
83,21,2,1,0.468710
83,21,2,2,100
83,21,69,0,32580000
83,21,69,1,0.549341
83,21,69,2,101
83,21,24,0,858400
83,21,24,1,0.138011
83,21,24,2,101
83,21,5,0,9060000
83,21,5,1,0.712172
83,21,5,2,101
84,21,2,0,7480000
84,21,2,1,0.476306
84,21,2,2,100
84,21,69,0,32190000
84,21,69,1,0.552701
84,21,69,2,101
84,21,25,0,1132400
84,21,25,1,0.131063
84,21,25,2,101
84,21,5,0,8980000
84,21,5,1,0.699000
84,21,5,2,101
85,21,2,0,7820000
85,21,2,1,0.379189
85,21,2,2,100
85,21,69,0,32830000
85,21,69,1,0.466107
85,21,69,2,101
85,21,26,0,1284800
85,21,26,1,0.098299
85,21,26,2,101
85,21,5,0,9230000
85,21,5,1,0.620790
85,21,5,2,101
86,21,2,0,7920000
86,21,2,1,0.474847
86,21,2,2,100
86,21,69,0,32780000
86,21,69,1,0.574808
86,21,69,2,101
86,21,27,0,879600
86,21,27,1,0.247493
86,21,27,2,101
86,21,5,0,9260000
86,21,5,1,0.707228
86,21,5,2,101
87,21,2,0,7770000
87,21,2,1,0.483673
87,21,2,2,100
87,21,69,0,32720000
87,21,69,1,0.582763
87,21,69,2,101
87,21,28,0,839000
87,21,28,1,0.136988
87,21,28,2,101
87,21,5,0,9340000
87,21,5,1,0.719613
87,21,5,2,101
88,21,2,0,7630000
88,21,2,1,0.461346
88,21,2,2,100
88,21,69,0,32260000
88,21,69,1,0.558446
88,21,69,2,101
88,21,29,0,1444600
88,21,29,1,0.161055
88,21,29,2,101
88,21,5,0,9070000
88,21,5,1,0.701637
88,21,5,2,101
89,21,2,0,7730000
89,21,2,1,0.472848
89,21,2,2,100
89,21,69,0,32400000
89,21,69,1,0.557072
89,21,69,2,101
89,21,30,0,1618400
89,21,30,1,0.194759
89,21,30,2,101
89,21,5,0,9190000
89,21,5,1,0.719791
89,21,5,2,101
90,21,2,0,7810000
90,21,2,1,0.464707
90,21,2,2,100
90,21,69,0,32950000
90,21,69,1,0.547971
90,21,69,2,101
90,21,31,0,1436600
90,21,31,1,0.145514
90,21,31,2,101
90,21,5,0,9140000
90,21,5,1,0.705253
90,21,5,2,101
91,21,2,0,7440000
91,21,2,1,0.464180
91,21,2,2,100
91,21,69,0,31420000
91,21,69,1,0.559275
91,21,69,2,101
91,21,32,0,2578000
91,21,32,1,0.172426
91,21,32,2,101
91,21,5,0,8890000
91,21,5,1,0.693836
91,21,5,2,101
92,21,2,0,7150000
92,21,2,1,0.481741
92,21,2,2,100
92,21,69,0,31350000
92,21,69,1,0.584690
92,21,69,2,101
92,21,33,0,1834200
92,21,33,1,0.126770
92,21,33,2,101
92,21,5,0,8700000
92,21,5,1,0.739505
92,21,5,2,101
93,21,2,0,7750000
93,21,2,1,0.498142
93,21,2,2,100
93,21,69,0,32790000
93,21,69,1,0.612334
93,21,69,2,101
93,21,34,0,1312600
93,21,34,1,0.160159
93,21,34,2,101
93,21,5,0,8860000
93,21,5,1,0.742220
93,21,5,2,101
94,21,2,0,7860000
94,21,2,1,0.466412
94,21,2,2,100
94,21,69,0,32300000
94,21,69,1,0.563944
94,21,69,2,101
94,21,35,0,1879000
94,21,35,1,0.265578
94,21,35,2,101
94,21,5,0,9170000
94,21,5,1,0.712657
94,21,5,2,101
95,21,2,0,7630000
95,21,2,1,0.443140
95,21,2,2,100
95,21,69,0,32010000
95,21,69,1,0.561287
95,21,69,2,101
95,21,36,0,2948800
95,21,36,1,0.125227
95,21,36,2,101
95,21,5,0,9100000
95,21,5,1,0.687465
95,21,5,2,101
96,21,2,0,7560000
96,21,2,1,0.454314
96,21,2,2,100
96,21,69,0,32100000
96,21,69,1,0.567114
96,21,69,2,101
96,21,37,0,3416800
96,21,37,1,0.146425
96,21,37,2,101
96,21,5,0,9090000
96,21,5,1,0.689872
96,21,5,2,101
97,21,2,0,7890000
97,21,2,1,0.447145
97,21,2,2,100
97,21,69,0,32630000
97,21,69,1,0.552348
97,21,69,2,101
97,21,38,0,4339400
97,21,38,1,0.163477
97,21,38,2,101
97,21,5,0,9010000
97,21,5,1,0.673328
97,21,5,2,101
98,21,2,0,7640000
98,21,2,1,0.471023
98,21,2,2,100
98,21,69,0,32020000
98,21,69,1,0.594642
98,21,69,2,101
98,21,39,0,2575200
98,21,39,1,0.164426
98,21,39,2,101
98,21,5,0,9080000
98,21,5,1,0.710221
98,21,5,2,101
99,21,2,0,7510000
99,21,2,1,0.468289
99,21,2,2,100
99,21,69,0,31640000
99,21,69,1,0.594492
99,21,69,2,101
99,21,40,0,2400400
99,21,40,1,0.166991
99,21,40,2,101
99,21,5,0,8900000
99,21,5,1,0.700921
99,21,5,2,101
100,21,2,0,7460000
100,21,2,1,0.471623
100,21,2,2,100
100,21,69,0,32120000
100,21,69,1,0.593818
100,21,69,2,101
100,21,41,0,3433200
100,21,41,1,0.166015
100,21,41,2,101
100,21,5,0,8990000
100,21,5,1,0.728145
100,21,5,2,101
101,21,2,0,7130000
101,21,2,1,0.478970
101,21,2,2,100
101,21,69,0,30570000
101,21,69,1,0.611210
101,21,69,2,101
101,21,42,0,2929200
101,21,42,1,0.162270
101,21,42,2,101
101,21,5,0,8820000
101,21,5,1,0.730099
101,21,5,2,101
102,21,2,0,7190000
102,21,2,1,0.436057
102,21,2,2,100
102,21,69,0,31590000
102,21,69,1,0.572391
102,21,69,2,101
102,21,43,0,9484200
102,21,43,1,0.148825
102,21,43,2,101
102,21,5,0,9000000
102,21,5,1,0.672769
102,21,5,2,101
103,21,2,0,7450000
103,21,2,1,0.468127
103,21,2,2,100
103,21,69,0,31640000
103,21,69,1,0.601214
103,21,69,2,101
103,21,44,0,5244000
103,21,44,1,0.189140
103,21,44,2,101
103,21,5,0,8930000
103,21,5,1,0.713778
103,21,5,2,101
104,21,2,0,7020000
104,21,2,1,0.457670
104,21,2,2,100
104,21,69,0,30510000
104,21,69,1,0.565113
104,21,69,2,101
104,21,45,0,6601200
104,21,45,1,0.189331
104,21,45,2,101
104,21,5,0,8700000
104,21,5,1,0.712652
104,21,5,2,101
105,21,2,0,6420000
105,21,2,1,0.434589
105,21,2,2,100
105,21,69,0,29200000
105,21,69,1,0.562115
105,21,69,2,101
105,21,46,0,5921200
105,21,46,1,0.067796
105,21,46,2,101
105,21,5,0,8450000
105,21,5,1,0.680216
105,21,5,2,101
106,21,2,0,7140000
106,21,2,1,0.457887
106,21,2,2,100
106,21,69,0,31400000
106,21,69,1,0.574148
106,21,69,2,101
106,21,47,0,6275800
106,21,47,1,0.185241
106,21,47,2,101
106,21,5,0,8760000
106,21,5,1,0.713591
106,21,5,2,101
107,21,2,0,7450000
107,21,2,1,0.441818
107,21,2,2,100
107,21,69,0,32520000
107,21,69,1,0.534813
107,21,69,2,101
107,21,48,0,7239200
107,21,48,1,0.126449
107,21,48,2,101
107,21,5,0,8910000
107,21,5,1,0.699379
107,21,5,2,101
108,21,2,0,7510000
108,21,2,1,0.443712
108,21,2,2,100
108,21,69,0,31810000
108,21,69,1,0.541471
108,21,69,2,101
108,21,49,0,9707000
108,21,49,1,0.170510
108,21,49,2,101
108,21,5,0,8940000
108,21,5,1,0.696189
108,21,5,2,101
109,21,2,0,7190000
109,21,2,1,0.533340
109,21,2,2,100
109,21,69,0,30790000
109,21,69,1,0.691309
109,21,69,2,101
109,21,50,0,13036800
109,21,50,1,0.150514
109,21,50,2,101
109,21,5,0,8680000
109,21,5,1,0.812452
109,21,5,2,101
110,21,2,0,7270000
110,21,2,1,0.536905
110,21,2,2,100
110,21,69,0,31590000
110,21,69,1,0.697799
110,21,69,2,101
110,21,51,0,15993400
110,21,51,1,0.361453
110,21,51,2,101
110,21,5,0,8860000
110,21,5,1,0.816191
110,21,5,2,101
111,21,2,0,7290000
111,21,2,1,0.521155
111,21,2,2,100
111,21,69,0,31140000
111,21,69,1,0.660875
111,21,69,2,101
111,21,52,0,24275200
111,21,52,1,0.757065
111,21,52,2,101
111,21,5,0,8720000
111,21,5,1,0.800254
111,21,5,2,101
112,21,2,0,6850000
112,21,2,1,0.551277
112,21,2,2,100
112,21,69,0,30270000
112,21,69,1,0.718488
112,21,69,2,101
112,21,53,0,22316600
112,21,53,1,0.303387
112,21,53,2,101
112,21,5,0,8650000
112,21,5,1,0.839629
112,21,5,2,101
113,21,2,0,7110000
113,21,2,1,0.534758
113,21,2,2,100
113,21,69,0,31370000
113,21,69,1,0.695642
113,21,69,2,101
113,21,54,0,31297800
113,21,54,1,0.819457
113,21,54,2,101
113,21,5,0,8700000
113,21,5,1,0.821128
113,21,5,2,101
114,21,2,0,6440000
114,21,2,1,0.535453
114,21,2,2,100
114,21,69,0,28980000
114,21,69,1,0.677374
114,21,69,2,101
114,21,55,0,34438400
114,21,55,1,0.152187
114,21,55,2,101
114,21,5,0,8550000
114,21,5,1,0.822782
114,21,5,2,101
115,21,2,0,7280000
115,21,2,1,0.469178
115,21,2,2,100
115,21,69,0,30710000
115,21,69,1,0.648159
115,21,69,2,101
115,21,56,0,38240400
115,21,56,1,0.716633
115,21,56,2,101
115,21,5,0,8530000
115,21,5,1,0.754984
115,21,5,2,101
116,21,2,0,6900000
116,21,2,1,0.464047
116,21,2,2,100
116,21,69,0,30020000
116,21,69,1,0.453622
116,21,69,2,101
116,21,57,0,41566400
116,21,57,1,0.205840
116,21,57,2,101
116,21,5,0,8790000
116,21,5,1,0.749043
116,21,5,2,101
117,21,2,0,6900000
117,21,2,1,0.470444
117,21,2,2,100
117,21,69,0,29750000
117,21,69,1,0.482653
117,21,69,2,101
117,21,58,0,78149000
117,21,58,1,0.239748
117,21,58,2,101
117,21,5,0,8600000
117,21,5,1,0.754547
117,21,5,2,101
118,21,2,0,7360000
118,21,2,1,0.469052
118,21,2,2,100
118,21,69,0,30570000
118,21,69,1,0.493252
118,21,69,2,101
118,21,59,0,85059000
118,21,59,1,0.172686
118,21,59,2,101
118,21,5,0,8680000
118,21,5,1,0.756142
118,21,5,2,101
119,21,2,0,6530000
119,21,2,1,0.514731
119,21,2,2,100
119,21,69,0,29430000
119,21,69,1,0.543060
119,21,69,2,101
119,21,60,0,86248800
119,21,60,1,0.266268
119,21,60,2,101
119,21,5,0,8500000
119,21,5,1,0.797573
119,21,5,2,101
120,21,2,0,5840000
120,21,2,1,0.507632
120,21,2,2,100
120,21,69,0,27770000
120,21,69,1,0.571524
120,21,69,2,101
120,21,61,0,136212400
120,21,61,1,0.308529
120,21,61,2,101
120,21,5,0,8380000
120,21,5,1,0.801592
120,21,5,2,101
121,21,2,0,90080000
121,21,2,1,0.512092
121,21,2,2,100
121,21,69,0,783411800
121,21,69,1,0.543819
121,21,69,2,101
121,21,62,0,90548600
121,21,62,1,0.123692
121,21,62,2,101
121,21,5,0,56839400
121,21,5,1,0.824135
121,21,5,2,101
122,21,2,0,168300000
122,21,2,1,0.639295
122,21,2,2,100
122,21,69,0,972978400
122,21,69,1,0.751512
122,21,69,2,101
122,21,63,0,115831200
122,21,63,1,0.399487
122,21,63,2,101
122,21,5,0,413937800
122,21,5,1,0.927394
122,21,5,2,101
123,21,2,0,177670000
123,21,2,1,0.636207
123,21,2,2,100
123,21,69,0,943146000
123,21,69,1,0.725993
123,21,69,2,101
123,21,64,0,143524200
123,21,64,1,0.580779
123,21,64,2,101
123,21,5,0,587353600
123,21,5,1,0.902910
123,21,5,2,101
124,21,2,0,258880000
124,21,2,1,0.567173
124,21,2,2,100
124,21,69,0,1027555800
124,21,69,1,0.678431
124,21,69,2,101
124,21,65,0,187803600
124,21,65,1,0.316101
124,21,65,2,101
124,21,5,0,525674800
124,21,5,1,0.846719
124,21,5,2,101
125,21,2,0,6040000
125,21,2,1,0.480973
125,21,2,2,100
125,21,69,0,29140000
125,21,69,1,0.542721
125,21,69,2,101
125,21,66,0,291326800
125,21,66,1,0.341659
125,21,66,2,101
125,21,5,0,8880000
125,21,5,1,0.743442
125,21,5,2,101
126,21,2,0,5040000
126,21,2,1,0.457737
126,21,2,2,100
126,21,69,0,32313600
126,21,69,1,0.530476
126,21,69,2,101
126,21,67,0,292442600
126,21,67,1,0.463764
126,21,67,2,101
126,21,5,0,7810000
126,21,5,1,0.739507
126,21,5,2,101
127,21,2,0,5120000
127,21,2,1,0.531904
127,21,2,2,100
127,21,69,0,76841000
127,21,69,1,0.626895
127,21,69,2,101
127,21,68,0,341191000
127,21,68,1,0.382470
127,21,68,2,101
127,21,5,0,7480000
127,21,5,1,0.807610
127,21,5,2,101
128,21,70,0,32930000
128,21,70,1,0.459919
128,21,70,2,100
128,21,3,0,16460000
128,21,3,1,0.221608
128,21,3,2,101
128,21,4,0,414200
128,21,4,1,0.006206
128,21,4,2,101
128,21,5,0,10330000
128,21,5,1,0.589654
128,21,5,2,101
129,21,70,0,31980000
129,21,70,1,0.489272
129,21,70,2,100
129,21,3,0,16290000
129,21,3,1,0.290315
129,21,3,2,101
129,21,6,0,434200
129,21,6,1,0.006075
129,21,6,2,101
129,21,5,0,10310000
129,21,5,1,0.632541
129,21,5,2,101
130,21,70,0,35640000
130,21,70,1,0.440917
130,21,70,2,100
130,21,3,0,16650000
130,21,3,1,0.104688
130,21,3,2,101
130,21,7,0,313000
130,21,7,1,0.006840
130,21,7,2,101
130,21,5,0,10570000
130,21,5,1,0.552041
130,21,5,2,101
131,21,70,0,28950000
131,21,70,1,0.566250
131,21,70,2,100
131,21,3,0,16200000
131,21,3,1,0.662661
131,21,3,2,101
131,21,8,0,333600
131,21,8,1,0.006274
131,21,8,2,101
131,21,5,0,10140000
131,21,5,1,0.772979
131,21,5,2,101
132,21,70,0,30750000
132,21,70,1,0.506032
132,21,70,2,100
132,21,3,0,16230000
132,21,3,1,0.421475
132,21,3,2,101
132,21,9,0,333600
132,21,9,1,0.005959
132,21,9,2,101
132,21,5,0,10360000
132,21,5,1,0.679780
132,21,5,2,101
133,21,70,0,31090000
133,21,70,1,0.476455
133,21,70,2,100
133,21,3,0,16120000
133,21,3,1,0.281426
133,21,3,2,101
133,21,10,0,424200
133,21,10,1,0.005764
133,21,10,2,101
133,21,5,0,10300000
133,21,5,1,0.606483
133,21,5,2,101
134,21,70,0,29510000
134,21,70,1,0.527328
134,21,70,2,100
134,21,3,0,16000000
134,21,3,1,0.457886
134,21,3,2,101
134,21,11,0,434000
134,21,11,1,0.005900
134,21,11,2,101
134,21,5,0,10150000
134,21,5,1,0.680228
134,21,5,2,101
135,21,70,0,32400000
135,21,70,1,0.482559
135,21,70,2,100
135,21,3,0,16260000
135,21,3,1,0.301824
135,21,3,2,101
135,21,12,0,454200
135,21,12,1,0.006285
135,21,12,2,101
135,21,5,0,10180000
135,21,5,1,0.585486
135,21,5,2,101
136,21,70,0,33070000
136,21,70,1,0.481218
136,21,70,2,100
136,21,3,0,16430000
136,21,3,1,0.257789
136,21,3,2,101
136,21,13,0,474600
136,21,13,1,0.007451
136,21,13,2,101
136,21,5,0,10540000
136,21,5,1,0.605045
136,21,5,2,101
137,21,70,0,30580000
137,21,70,1,0.520761
137,21,70,2,100
137,21,3,0,16230000
137,21,3,1,0.404869
137,21,3,2,101
137,21,14,0,666600
137,21,14,1,0.008107
137,21,14,2,101
137,21,5,0,10170000
137,21,5,1,0.645747
137,21,5,2,101
138,21,70,0,32460000
138,21,70,1,0.485293
138,21,70,2,100
138,21,3,0,16280000
138,21,3,1,0.255582
138,21,3,2,101
138,21,15,0,586400
138,21,15,1,0.007970
138,21,15,2,101
138,21,5,0,10230000
138,21,5,1,0.599809
138,21,5,2,101
139,21,70,0,30020000
139,21,70,1,0.505536
139,21,70,2,100
139,21,3,0,16110000
139,21,3,1,0.340963
139,21,3,2,101
139,21,16,0,707200
139,21,16,1,0.007922
139,21,16,2,101
139,21,5,0,10210000
139,21,5,1,0.617425
139,21,5,2,101
140,21,70,0,29960000
140,21,70,1,0.508808
140,21,70,2,100
140,21,3,0,16460000
140,21,3,1,0.332299
140,21,3,2,101
140,21,17,0,686600
140,21,17,1,0.007759
140,21,17,2,101
140,21,5,0,10060000
140,21,5,1,0.622124
140,21,5,2,101
141,21,70,0,33550000
141,21,70,1,0.494385
141,21,70,2,100
141,21,3,0,16380000
141,21,3,1,0.336821
141,21,3,2,101
141,21,18,0,484800
141,21,18,1,0.008495
141,21,18,2,101
141,21,5,0,10340000
141,21,5,1,0.628870
141,21,5,2,101
142,21,70,0,30870000
142,21,70,1,0.452900
142,21,70,2,100
142,21,3,0,16580000
142,21,3,1,0.281938
142,21,3,2,101
142,21,19,0,717200
142,21,19,1,0.006783
142,21,19,2,101
142,21,5,0,10100000
142,21,5,1,0.559160
142,21,5,2,101
143,21,70,0,33070000
143,21,70,1,0.498186
143,21,70,2,100
143,21,3,0,16420000
143,21,3,1,0.299961
143,21,3,2,101
143,21,20,0,718200
143,21,20,1,0.152275
143,21,20,2,101
143,21,5,0,10440000
143,21,5,1,0.607589
143,21,5,2,101
144,21,70,0,32200000
144,21,70,1,0.497407
144,21,70,2,100
144,21,3,0,16310000
144,21,3,1,0.318955
144,21,3,2,101
144,21,21,0,817600
144,21,21,1,0.007850
144,21,21,2,101
144,21,5,0,10400000
144,21,5,1,0.599784
144,21,5,2,101
145,21,70,0,32130000
145,21,70,1,0.489154
145,21,70,2,100
145,21,3,0,16340000
145,21,3,1,0.251992
145,21,3,2,101
145,21,22,0,535400
145,21,22,1,0.007561
145,21,22,2,101
145,21,5,0,10400000
145,21,5,1,0.563337
145,21,5,2,101
146,21,70,0,29410000
146,21,70,1,0.513544
146,21,70,2,100
146,21,3,0,16060000
146,21,3,1,0.334024
146,21,3,2,101
146,21,23,0,989600
146,21,23,1,0.006488
146,21,23,2,101
146,21,5,0,10190000
146,21,5,1,0.599531
146,21,5,2,101
147,21,70,0,29110000
147,21,70,1,0.511069
147,21,70,2,100
147,21,3,0,16260000
147,21,3,1,0.316361
147,21,3,2,101
147,21,24,0,869000
147,21,24,1,0.006572
147,21,24,2,101
147,21,5,0,10360000
147,21,5,1,0.594663
147,21,5,2,101
148,21,70,0,29620000
148,21,70,1,0.520196
148,21,70,2,100
148,21,3,0,16000000
148,21,3,1,0.345440
148,21,3,2,101
148,21,25,0,1111200
148,21,25,1,0.006450
148,21,25,2,101
148,21,5,0,10300000
148,21,5,1,0.600927
148,21,5,2,101
149,21,70,0,31410000
149,21,70,1,0.495144
149,21,70,2,100
149,21,3,0,16400000
149,21,3,1,0.156998
149,21,3,2,101
149,21,26,0,1211200
149,21,26,1,0.007417
149,21,26,2,101
149,21,5,0,10340000
149,21,5,1,0.551666
149,21,5,2,101
150,21,70,0,32180000
150,21,70,1,0.440335
150,21,70,2,100
150,21,3,0,16330000
150,21,3,1,0.267945
150,21,3,2,101
150,21,27,0,807200
150,21,27,1,0.006701
150,21,27,2,101
150,21,5,0,10250000
150,21,5,1,0.508351
150,21,5,2,101
151,21,70,0,31180000
151,21,70,1,0.518731
151,21,70,2,100
151,21,3,0,16570000
151,21,3,1,0.334060
151,21,3,2,101
151,21,28,0,818200
151,21,28,1,0.006636
151,21,28,2,101
151,21,5,0,10360000
151,21,5,1,0.609627
151,21,5,2,101
152,21,70,0,29740000
152,21,70,1,0.503839
152,21,70,2,100
152,21,3,0,16150000
152,21,3,1,0.231265
152,21,3,2,101
152,21,29,0,1444600
152,21,29,1,0.006823
152,21,29,2,101
152,21,5,0,10140000
152,21,5,1,0.555819
152,21,5,2,101
153,21,70,0,31680000
153,21,70,1,0.496747
153,21,70,2,100
153,21,3,0,16330000
153,21,3,1,0.255575
153,21,3,2,101
153,21,30,0,1523800
153,21,30,1,0.007068
153,21,30,2,101
153,21,5,0,10220000
153,21,5,1,0.519997
153,21,5,2,101
154,21,70,0,30650000
154,21,70,1,0.516100
154,21,70,2,100
154,21,3,0,16340000
154,21,3,1,0.292135
154,21,3,2,101
154,21,31,0,1280400
154,21,31,1,0.008790
154,21,31,2,101
154,21,5,0,10130000
154,21,5,1,0.572904
154,21,5,2,101
155,21,70,0,27570000
155,21,70,1,0.509978
155,21,70,2,100
155,21,3,0,15980000
155,21,3,1,0.173580
155,21,3,2,101
155,21,32,0,2433600
155,21,32,1,0.007410
155,21,32,2,101
155,21,5,0,9910000
155,21,5,1,0.536043
155,21,5,2,101
156,21,70,0,26990000
156,21,70,1,0.542342
156,21,70,2,100
156,21,3,0,16080000
156,21,3,1,0.356530
156,21,3,2,101
156,21,33,0,2104000
156,21,33,1,0.007703
156,21,33,2,101
156,21,5,0,10110000
156,21,5,1,0.592818
156,21,5,2,101
157,21,70,0,30680000
157,21,70,1,0.524494
157,21,70,2,100
157,21,3,0,16270000
157,21,3,1,0.316737
157,21,3,2,101
157,21,34,0,1375000
157,21,34,1,0.007745
157,21,34,2,101
157,21,5,0,9960000
157,21,5,1,0.594627
157,21,5,2,101
158,21,70,0,30490000
158,21,70,1,0.443550
158,21,70,2,100
158,21,3,0,16420000
158,21,3,1,0.178557
158,21,3,2,101
158,21,35,0,1878600
158,21,35,1,0.007501
158,21,35,2,101
158,21,5,0,10170000
158,21,5,1,0.454882
158,21,5,2,101
159,21,70,0,30010000
159,21,70,1,0.515453
159,21,70,2,100
159,21,3,0,16050000
159,21,3,1,0.300821
159,21,3,2,101
159,21,36,0,3000400
159,21,36,1,0.007335
159,21,36,2,101
159,21,5,0,10200000
159,21,5,1,0.557521
159,21,5,2,101
160,21,70,0,28750000
160,21,70,1,0.516020
160,21,70,2,100
160,21,3,0,16060000
160,21,3,1,0.239036
160,21,3,2,101
160,21,37,0,3280600
160,21,37,1,0.010106
160,21,37,2,101
160,21,5,0,10330000
160,21,5,1,0.543662
160,21,5,2,101
161,21,70,0,30860000
161,21,70,1,0.514827
161,21,70,2,100
161,21,3,0,16480000
161,21,3,1,0.297823
161,21,3,2,101
161,21,38,0,4526600
161,21,38,1,0.031419
161,21,38,2,101
161,21,5,0,10410000
161,21,5,1,0.528987
161,21,5,2,101
162,21,70,0,30050000
162,21,70,1,0.516579
162,21,70,2,100
162,21,3,0,16070000
162,21,3,1,0.274104
162,21,3,2,101
162,21,39,0,2595600
162,21,39,1,0.008395
162,21,39,2,101
162,21,5,0,9990000
162,21,5,1,0.529864
162,21,5,2,101
163,21,70,0,29320000
163,21,70,1,0.516015
163,21,70,2,100
163,21,3,0,16400000
163,21,3,1,0.234128
163,21,3,2,101
163,21,40,0,2607800
163,21,40,1,0.008286
163,21,40,2,101
163,21,5,0,9960000
163,21,5,1,0.517938
163,21,5,2,101
164,21,70,0,28430000
164,21,70,1,0.535966
164,21,70,2,100
164,21,3,0,16240000
164,21,3,1,0.304605
164,21,3,2,101
164,21,41,0,3536200
164,21,41,1,0.008720
164,21,41,2,101
164,21,5,0,9980000
164,21,5,1,0.541754
164,21,5,2,101
165,21,70,0,27180000
165,21,70,1,0.533025
165,21,70,2,100
165,21,3,0,15920000
165,21,3,1,0.273512
165,21,3,2,101
165,21,42,0,2928400
165,21,42,1,0.008709
165,21,42,2,101
165,21,5,0,9850000
165,21,5,1,0.537366
165,21,5,2,101
166,21,70,0,28040000
166,21,70,1,0.523492
166,21,70,2,100
166,21,3,0,15940000
166,21,3,1,0.288480
166,21,3,2,101
166,21,43,0,9546400
166,21,43,1,0.011395
166,21,43,2,101
166,21,5,0,10090000
166,21,5,1,0.510002
166,21,5,2,101
167,21,70,0,29130000
167,21,70,1,0.513663
167,21,70,2,100
167,21,3,0,16080000
167,21,3,1,0.210271
167,21,3,2,101
167,21,44,0,5222400
167,21,44,1,0.009863
167,21,44,2,101
167,21,5,0,10050000
167,21,5,1,0.484034
167,21,5,2,101
168,21,70,0,26120000
168,21,70,1,0.527714
168,21,70,2,100
168,21,3,0,15750000
168,21,3,1,0.260326
168,21,3,2,101
168,21,45,0,8259000
168,21,45,1,0.011404
168,21,45,2,101
168,21,5,0,9750000
168,21,5,1,0.464178
168,21,5,2,101
169,21,70,0,23390000
169,21,70,1,0.615030
169,21,70,2,100
169,21,3,0,15320000
169,21,3,1,0.675135
169,21,3,2,101
169,21,46,0,6231000
169,21,46,1,0.104006
169,21,46,2,101
169,21,5,0,9530000
169,21,5,1,0.695264
169,21,5,2,101
170,21,70,0,27210000
170,21,70,1,0.529398
170,21,70,2,100
170,21,3,0,16010000
170,21,3,1,0.248529
170,21,3,2,101
170,21,47,0,6169200
170,21,47,1,0.011014
170,21,47,2,101
170,21,5,0,9950000
170,21,5,1,0.461400
170,21,5,2,101
171,21,70,0,28980000
171,21,70,1,0.540699
171,21,70,2,100
171,21,3,0,16130000
171,21,3,1,0.334632
171,21,3,2,101
171,21,48,0,7854200
171,21,48,1,0.012082
171,21,48,2,101
171,21,5,0,9990000
171,21,5,1,0.537977
171,21,5,2,101
172,21,70,0,29550000
172,21,70,1,0.521541
172,21,70,2,100
172,21,3,0,15930000
172,21,3,1,0.273722
172,21,3,2,101
172,21,49,0,10984000
172,21,49,1,0.013175
172,21,49,2,101
172,21,5,0,9900000
172,21,5,1,0.476388
172,21,5,2,101
173,21,70,0,27930000
173,21,70,1,0.520958
173,21,70,2,100
173,21,3,0,15930000
173,21,3,1,0.257786
173,21,3,2,101
173,21,50,0,14333800
173,21,50,1,0.080790
173,21,50,2,101
173,21,5,0,9800000
173,21,5,1,0.469750
173,21,5,2,101
174,21,70,0,28380000
174,21,70,1,0.491337
174,21,70,2,100
174,21,3,0,16150000
174,21,3,1,0.143836
174,21,3,2,101
174,21,51,0,17155600
174,21,51,1,0.014126
174,21,51,2,101
174,21,5,0,10170000
174,21,5,1,0.534992
174,21,5,2,101
175,21,70,0,27580000
175,21,70,1,0.515474
175,21,70,2,100
175,21,3,0,15930000
175,21,3,1,0.690463
175,21,3,2,101
175,21,52,0,23140000
175,21,52,1,0.018450
175,21,52,2,101
175,21,5,0,9920000
175,21,5,1,0.607403
175,21,5,2,101
176,21,70,0,25800000
176,21,70,1,0.530048
176,21,70,2,100
176,21,3,0,15830000
176,21,3,1,0.200831
176,21,3,2,101
176,21,53,0,21072800
176,21,53,1,0.015466
176,21,53,2,101
176,21,5,0,9670000
176,21,5,1,0.618096
176,21,5,2,101
177,21,70,0,26950000
177,21,70,1,0.513456
177,21,70,2,100
177,21,3,0,16100000
177,21,3,1,0.703454
177,21,3,2,101
177,21,54,0,30171400
177,21,54,1,0.016532
177,21,54,2,101
177,21,5,0,9900000
177,21,5,1,0.607716
177,21,5,2,101
178,21,70,0,23980000
178,21,70,1,0.313725
178,21,70,2,100
178,21,3,0,15690000
178,21,3,1,0.897398
178,21,3,2,101
178,21,55,0,42218600
178,21,55,1,0.054146
178,21,55,2,101
178,21,5,0,9480000
178,21,5,1,0.742747
178,21,5,2,101
179,21,70,0,26280000
179,21,70,1,0.417648
179,21,70,2,100
179,21,3,0,15670000
179,21,3,1,0.633036
179,21,3,2,101
179,21,56,0,40093200
179,21,56,1,0.017527
179,21,56,2,101
179,21,5,0,9560000
179,21,5,1,0.518344
179,21,5,2,101
180,21,70,0,25300000
180,21,70,1,0.304196
180,21,70,2,100
180,21,3,0,15790000
180,21,3,1,0.891014
180,21,3,2,101
180,21,57,0,60885600
180,21,57,1,0.112507
180,21,57,2,101
180,21,5,0,9670000
180,21,5,1,0.748369
180,21,5,2,101
181,21,70,0,25810000
181,21,70,1,0.288241
181,21,70,2,100
181,21,3,0,15970000
181,21,3,1,0.875526
181,21,3,2,101
181,21,58,0,111313800
181,21,58,1,0.135049
181,21,58,2,101
181,21,5,0,9730000
181,21,5,1,0.726840
181,21,5,2,101
182,21,70,0,27200000
182,21,70,1,0.260348
182,21,70,2,100
182,21,3,0,15940000
182,21,3,1,0.855949
182,21,3,2,101
182,21,59,0,118971200
182,21,59,1,0.043936
182,21,59,2,101
182,21,5,0,10060000
182,21,5,1,0.705028
182,21,5,2,101
183,21,70,0,26310000
183,21,70,1,0.233037
183,21,70,2,100
183,21,3,0,15680000
183,21,3,1,0.841811
183,21,3,2,101
183,21,60,0,117530200
183,21,60,1,0.080602
183,21,60,2,101
183,21,5,0,9380000
183,21,5,1,0.699546
183,21,5,2,101
184,21,70,0,25180000
184,21,70,1,0.233286
184,21,70,2,100
184,21,3,0,15840000
184,21,3,1,0.824375
184,21,3,2,101
184,21,61,0,114292600
184,21,61,1,0.040909
184,21,61,2,101
184,21,5,0,9780000
184,21,5,1,0.671882
184,21,5,2,101
185,21,70,0,402520000
185,21,70,1,0.437026
185,21,70,2,100
185,21,3,0,58496000
185,21,3,1,1.024317
185,21,3,2,101
185,21,62,0,90807600
185,21,62,1,0.037798
185,21,62,2,101
185,21,5,0,8130000
185,21,5,1,0.816730
185,21,5,2,101
186,21,70,0,295440000
186,21,70,1,0.489921
186,21,70,2,100
186,21,3,0,59578200
186,21,3,1,1.006870
186,21,3,2,101
186,21,63,0,131190000
186,21,63,1,0.209300
186,21,63,2,101
186,21,5,0,19328600
186,21,5,1,0.786472
186,21,5,2,101
187,21,70,0,277040000
187,21,70,1,0.442387
187,21,70,2,100
187,21,3,0,157925600
187,21,3,1,0.983267
187,21,3,2,101
187,21,64,0,157080000
187,21,64,1,0.131032
187,21,64,2,101
187,21,5,0,7630000
187,21,5,1,0.767141
187,21,5,2,101
188,21,70,0,127750000
188,21,70,1,0.456196
188,21,70,2,100
188,21,3,0,444319600
188,21,3,1,0.965962
188,21,3,2,101
188,21,65,0,141392600
188,21,65,1,0.062239
188,21,65,2,101
188,21,5,0,8040000
188,21,5,1,0.791858
188,21,5,2,101
189,21,70,0,25350000
189,21,70,1,0.204191
189,21,70,2,100
189,21,3,0,15350000
189,21,3,1,0.786362
189,21,3,2,101
189,21,66,0,231383000
189,21,66,1,0.113921
189,21,66,2,101
189,21,5,0,9930000
189,21,5,1,0.638716
189,21,5,2,101
190,21,70,0,20600000
190,21,70,1,0.239022
190,21,70,2,100
190,21,3,0,14850000
190,21,3,1,0.795501
190,21,3,2,101
190,21,67,0,248267000
190,21,67,1,0.101394
190,21,67,2,101
190,21,5,0,8960000
190,21,5,1,0.609340
190,21,5,2,101
191,21,70,0,18430000
191,21,70,1,0.338773
191,21,70,2,100
191,21,3,0,14530000
191,21,3,1,0.897210
191,21,3,2,101
191,21,68,0,296970600
191,21,68,1,0.126376
191,21,68,2,101
191,21,5,0,8500000
191,21,5,1,0.709627
191,21,5,2,101
192,21,70,0,28460000
192,21,70,1,0.222249
192,21,70,2,100
192,21,69,0,34980000
192,21,69,1,0.449814
192,21,69,2,101
192,21,4,0,393600
192,21,4,1,0.064267
192,21,4,2,101
192,21,5,0,10270000
192,21,5,1,0.665775
192,21,5,2,101
193,21,70,0,28280000
193,21,70,1,0.256893
193,21,70,2,100
193,21,69,0,34940000
193,21,69,1,0.422718
193,21,69,2,101
193,21,6,0,434200
193,21,6,1,0.024150
193,21,6,2,101
193,21,5,0,10250000
193,21,5,1,0.671486
193,21,5,2,101
194,21,70,0,31420000
194,21,70,1,0.192065
194,21,70,2,100
194,21,69,0,35930000
194,21,69,1,0.411085
194,21,69,2,101
194,21,7,0,313000
194,21,7,1,0.074284
194,21,7,2,101
194,21,5,0,10530000
194,21,5,1,0.656101
194,21,5,2,101
195,21,70,0,25910000
195,21,70,1,0.447947
195,21,70,2,100
195,21,69,0,34340000
195,21,69,1,0.641552
195,21,69,2,101
195,21,8,0,354200
195,21,8,1,0.036980
195,21,8,2,101
195,21,5,0,9960000
195,21,5,1,0.810621
195,21,5,2,101
196,21,70,0,27210000
196,21,70,1,0.293587
196,21,70,2,100
196,21,69,0,34980000
196,21,69,1,0.538909
196,21,69,2,101
196,21,9,0,354200
196,21,9,1,0.040096
196,21,9,2,101
196,21,5,0,10300000
196,21,5,1,0.723508
196,21,5,2,101
197,21,70,0,27110000
197,21,70,1,0.248342
197,21,70,2,100
197,21,69,0,34180000
197,21,69,1,0.475062
197,21,69,2,101
197,21,10,0,444800
197,21,10,1,0.065073
197,21,10,2,101
197,21,5,0,10060000
197,21,5,1,0.681472
197,21,5,2,101
198,21,70,0,25870000
198,21,70,1,0.332017
198,21,70,2,100
198,21,69,0,34240000
198,21,69,1,0.445603
198,21,69,2,101
198,21,11,0,475400
198,21,11,1,0.023108
198,21,11,2,101
198,21,5,0,10060000
198,21,5,1,0.716509
198,21,5,2,101
199,21,70,0,28190000
199,21,70,1,0.308228
199,21,70,2,100
199,21,69,0,34790000
199,21,69,1,0.502631
199,21,69,2,101
199,21,12,0,433800
199,21,12,1,0.112273
199,21,12,2,101
199,21,5,0,10090000
199,21,5,1,0.703687
199,21,5,2,101
200,21,70,0,29000000
200,21,70,1,0.239899
200,21,70,2,100
200,21,69,0,35240000
200,21,69,1,0.482490
200,21,69,2,101
200,21,13,0,464200
200,21,13,1,0.049215
200,21,13,2,101
200,21,5,0,10270000
200,21,5,1,0.674435
200,21,5,2,101
201,21,70,0,26890000
201,21,70,1,0.333122
201,21,70,2,100
201,21,69,0,34610000
201,21,69,1,0.514709
201,21,69,2,101
201,21,14,0,666600
201,21,14,1,0.040778
201,21,14,2,101
201,21,5,0,10120000
201,21,5,1,0.707489
201,21,5,2,101
202,21,70,0,28430000
202,21,70,1,0.223611
202,21,70,2,100
202,21,69,0,35040000
202,21,69,1,0.379460
202,21,69,2,101
202,21,15,0,586000
202,21,15,1,0.033602
202,21,15,2,101
202,21,5,0,10190000
202,21,5,1,0.657325
202,21,5,2,101
203,21,70,0,26230000
203,21,70,1,0.270445
203,21,70,2,100
203,21,69,0,34120000
203,21,69,1,0.391220
203,21,69,2,101
203,21,16,0,727800
203,21,16,1,0.028502
203,21,16,2,101
203,21,5,0,9980000
203,21,5,1,0.653733
203,21,5,2,101
204,21,70,0,26420000
204,21,70,1,0.308709
204,21,70,2,100
204,21,69,0,34880000
204,21,69,1,0.505135
204,21,69,2,101
204,21,17,0,686600
204,21,17,1,0.057740
204,21,17,2,101
204,21,5,0,10090000
204,21,5,1,0.702225
204,21,5,2,101
205,21,70,0,29110000
205,21,70,1,0.270117
205,21,70,2,100
205,21,69,0,34920000
205,21,69,1,0.491427
205,21,69,2,101
205,21,18,0,484800
205,21,18,1,0.050058
205,21,18,2,101
205,21,5,0,10190000
205,21,5,1,0.685812
205,21,5,2,101
206,21,70,0,27200000
206,21,70,1,0.357638
206,21,70,2,100
206,21,69,0,34980000
206,21,69,1,0.531093
206,21,69,2,101
206,21,19,0,696600
206,21,19,1,0.158401
206,21,19,2,101
206,21,5,0,10000000
206,21,5,1,0.724787
206,21,5,2,101
207,21,70,0,28850000
207,21,70,1,0.265036
207,21,70,2,100
207,21,69,0,35350000
207,21,69,1,0.490593
207,21,69,2,101
207,21,20,0,728400
207,21,20,1,0.189800
207,21,20,2,101
207,21,5,0,10390000
207,21,5,1,0.677318
207,21,5,2,101
208,21,70,0,28500000
208,21,70,1,0.261160
208,21,70,2,100
208,21,69,0,34920000
208,21,69,1,0.504666
208,21,69,2,101
208,21,21,0,837600
208,21,21,1,0.052043
208,21,21,2,101
208,21,5,0,10380000
208,21,5,1,0.677201
208,21,5,2,101
209,21,70,0,28050000
209,21,70,1,0.224428
209,21,70,2,100
209,21,69,0,34860000
209,21,69,1,0.378509
209,21,69,2,101
209,21,22,0,514800
209,21,22,1,0.039804
209,21,22,2,101
209,21,5,0,10280000
209,21,5,1,0.625999
209,21,5,2,101
210,21,70,0,25880000
210,21,70,1,0.311958
210,21,70,2,100
210,21,69,0,33870000
210,21,69,1,0.502312
210,21,69,2,101
210,21,23,0,959000
210,21,23,1,0.058312
210,21,23,2,101
210,21,5,0,10060000
210,21,5,1,0.686053
210,21,5,2,101
211,21,70,0,25740000
211,21,70,1,0.294593
211,21,70,2,100
211,21,69,0,34410000
211,21,69,1,0.498613
211,21,69,2,101
211,21,24,0,858400
211,21,24,1,0.056773
211,21,24,2,101
211,21,5,0,10230000
211,21,5,1,0.676156
211,21,5,2,101
212,21,70,0,25710000
212,21,70,1,0.303971
212,21,70,2,100
212,21,69,0,33750000
212,21,69,1,0.504064
212,21,69,2,101
212,21,25,0,1080400
212,21,25,1,0.051694
212,21,25,2,101
212,21,5,0,10130000
212,21,5,1,0.681046
212,21,5,2,101
213,21,70,0,27380000
213,21,70,1,0.303567
213,21,70,2,100
213,21,69,0,34750000
213,21,69,1,0.470518
213,21,69,2,101
213,21,26,0,1201800
213,21,26,1,0.090349
213,21,26,2,101
213,21,5,0,10210000
213,21,5,1,0.663792
213,21,5,2,101
214,21,70,0,28390000
214,21,70,1,0.286453
214,21,70,2,100
214,21,69,0,34920000
214,21,69,1,0.498385
214,21,69,2,101
214,21,27,0,837800
214,21,27,1,0.162553
214,21,27,2,101
214,21,5,0,10230000
214,21,5,1,0.680320
214,21,5,2,101
215,21,70,0,27710000
215,21,70,1,0.316937
215,21,70,2,100
215,21,69,0,35450000
215,21,69,1,0.512706
215,21,69,2,101
215,21,28,0,807800
215,21,28,1,0.063016
215,21,28,2,101
215,21,5,0,10150000
215,21,5,1,0.696520
215,21,5,2,101
216,21,70,0,26020000
216,21,70,1,0.234234
216,21,70,2,100
216,21,69,0,34170000
216,21,69,1,0.338625
216,21,69,2,101
216,21,29,0,1444600
216,21,29,1,0.023682
216,21,29,2,101
216,21,5,0,10120000
216,21,5,1,0.605357
216,21,5,2,101
217,21,70,0,27680000
217,21,70,1,0.250617
217,21,70,2,100
217,21,69,0,34960000
217,21,69,1,0.399522
217,21,69,2,101
217,21,30,0,1586000
217,21,30,1,0.081861
217,21,30,2,101
217,21,5,0,10190000
217,21,5,1,0.639364
217,21,5,2,101
218,21,70,0,26840000
218,21,70,1,0.250160
218,21,70,2,100
218,21,69,0,34950000
218,21,69,1,0.384316
218,21,69,2,101
218,21,31,0,1383400
218,21,31,1,0.020412
218,21,31,2,101
218,21,5,0,10120000
218,21,5,1,0.628028
218,21,5,2,101
219,21,70,0,24430000
219,21,70,1,0.323709
219,21,70,2,100
219,21,69,0,32920000
219,21,69,1,0.489252
219,21,69,2,101
219,21,32,0,2506600
219,21,32,1,0.099354
219,21,32,2,101
219,21,5,0,9890000
219,21,5,1,0.669036
219,21,5,2,101
220,21,70,0,23690000
220,21,70,1,0.367090
220,21,70,2,100
220,21,69,0,34070000
220,21,69,1,0.482796
220,21,69,2,101
220,21,33,0,2125000
220,21,33,1,0.054218
220,21,33,2,101
220,21,5,0,9900000
220,21,5,1,0.692466
220,21,5,2,101
221,21,70,0,26280000
221,21,70,1,0.302942
221,21,70,2,100
221,21,69,0,33840000
221,21,69,1,0.508540
221,21,69,2,101
221,21,34,0,1405600
221,21,34,1,0.047177
221,21,34,2,101
221,21,5,0,9720000
221,21,5,1,0.671924
221,21,5,2,101
222,21,70,0,27340000
222,21,70,1,0.219261
222,21,70,2,100
222,21,69,0,35260000
222,21,69,1,0.341211
222,21,69,2,101
222,21,35,0,1940200
222,21,35,1,0.085700
222,21,35,2,101
222,21,5,0,9990000
222,21,5,1,0.570626
222,21,5,2,101
223,21,70,0,25880000
223,21,70,1,0.345346
223,21,70,2,100
223,21,69,0,34270000
223,21,69,1,0.496781
223,21,69,2,101
223,21,36,0,2979600
223,21,36,1,0.066634
223,21,36,2,101
223,21,5,0,9980000
223,21,5,1,0.659000
223,21,5,2,101
224,21,70,0,25650000
224,21,70,1,0.306298
224,21,70,2,100
224,21,69,0,33650000
224,21,69,1,0.471976
224,21,69,2,101
224,21,37,0,3345200
224,21,37,1,0.054153
224,21,37,2,101
224,21,5,0,10170000
224,21,5,1,0.630002
224,21,5,2,101
225,21,70,0,26780000
225,21,70,1,0.231900
225,21,70,2,100
225,21,69,0,35240000
225,21,69,1,0.333043
225,21,69,2,101
225,21,38,0,4558200
225,21,38,1,0.005171
225,21,38,2,101
225,21,5,0,10220000
225,21,5,1,0.535016
225,21,5,2,101
226,21,70,0,26190000
226,21,70,1,0.282262
226,21,70,2,100
226,21,69,0,34210000
226,21,69,1,0.461724
226,21,69,2,101
226,21,39,0,2637200
226,21,39,1,0.040893
226,21,39,2,101
226,21,5,0,10070000
226,21,5,1,0.602129
226,21,5,2,101
227,21,70,0,25420000
227,21,70,1,0.301694
227,21,70,2,100
227,21,69,0,34870000
227,21,69,1,0.373925
227,21,69,2,101
227,21,40,0,2628400
227,21,40,1,0.048790
227,21,40,2,101
227,21,5,0,9880000
227,21,5,1,0.613529
227,21,5,2,101
228,21,70,0,24810000
228,21,70,1,0.371071
228,21,70,2,100
228,21,69,0,34270000
228,21,69,1,0.479062
228,21,69,2,101
228,21,41,0,3691200
228,21,41,1,0.079771
228,21,41,2,101
228,21,5,0,9980000
228,21,5,1,0.653414
228,21,5,2,101
229,21,70,0,23130000
229,21,70,1,0.355015
229,21,70,2,100
229,21,69,0,32860000
229,21,69,1,0.466605
229,21,69,2,101
229,21,42,0,3021600
229,21,42,1,0.066738
229,21,42,2,101
229,21,5,0,9830000
229,21,5,1,0.641372
229,21,5,2,101
230,21,70,0,24530000
230,21,70,1,0.291248
230,21,70,2,100
230,21,69,0,33270000
230,21,69,1,0.423409
230,21,69,2,101
230,21,43,0,9453400
230,21,43,1,0.031362
230,21,43,2,101
230,21,5,0,9920000
230,21,5,1,0.575424
230,21,5,2,101
231,21,70,0,25390000
231,21,70,1,0.313072
231,21,70,2,100
231,21,69,0,33820000
231,21,69,1,0.432788
231,21,69,2,101
231,21,44,0,5202400
231,21,44,1,0.073302
231,21,44,2,101
231,21,5,0,9980000
231,21,5,1,0.601512
231,21,5,2,101
232,21,70,0,22760000
232,21,70,1,0.369497
232,21,70,2,100
232,21,69,0,32860000
232,21,69,1,0.451487
232,21,69,2,101
232,21,45,0,8244800
232,21,45,1,0.111950
232,21,45,2,101
232,21,5,0,9620000
232,21,5,1,0.637951
232,21,5,2,101
233,21,70,0,20370000
233,21,70,1,0.523605
233,21,70,2,100
233,21,69,0,31530000
233,21,69,1,0.665103
233,21,69,2,101
233,21,46,0,6416800
233,21,46,1,0.142876
233,21,46,2,101
233,21,5,0,9450000
233,21,5,1,0.774291
233,21,5,2,101
234,21,70,0,23720000
234,21,70,1,0.340392
234,21,70,2,100
234,21,69,0,33220000
234,21,69,1,0.444422
234,21,69,2,101
234,21,47,0,6470200
234,21,47,1,0.089410
234,21,47,2,101
234,21,5,0,9770000
234,21,5,1,0.617221
234,21,5,2,101
235,21,70,0,24840000
235,21,70,1,0.356900
235,21,70,2,100
235,21,69,0,34020000
235,21,69,1,0.457240
235,21,69,2,101
235,21,48,0,8034000
235,21,48,1,0.058877
235,21,48,2,101
235,21,5,0,9740000
235,21,5,1,0.632210
235,21,5,2,101
236,21,70,0,25710000
236,21,70,1,0.331840
236,21,70,2,100
236,21,69,0,33530000
236,21,69,1,0.423230
236,21,69,2,101
236,21,49,0,11418600
236,21,49,1,0.075263
236,21,49,2,101
236,21,5,0,9990000
236,21,5,1,0.606635
236,21,5,2,101
237,21,70,0,24190000
237,21,70,1,0.329850
237,21,70,2,100
237,21,69,0,32880000
237,21,69,1,0.408975
237,21,69,2,101
237,21,50,0,15403200
237,21,50,1,0.145123
237,21,50,2,101
237,21,5,0,9720000
237,21,5,1,0.590276
237,21,5,2,101
238,21,70,0,24730000
238,21,70,1,0.314314
238,21,70,2,100
238,21,69,0,33760000
238,21,69,1,0.424763
238,21,69,2,101
238,21,51,0,17854600
238,21,51,1,0.208869
238,21,51,2,101
238,21,5,0,9880000
238,21,5,1,0.698958
238,21,5,2,101
239,21,70,0,24230000
239,21,70,1,0.319299
239,21,70,2,100
239,21,69,0,33550000
239,21,69,1,0.395351
239,21,69,2,101
239,21,52,0,25267600
239,21,52,1,0.617507
239,21,52,2,101
239,21,5,0,9700000
239,21,5,1,0.690297
239,21,5,2,101
240,21,70,0,22320000
240,21,70,1,0.341056
240,21,70,2,100
240,21,69,0,33330000
240,21,69,1,0.389137
240,21,69,2,101
240,21,53,0,20760600
240,21,53,1,0.124758
240,21,53,2,101
240,21,5,0,9660000
240,21,5,1,0.696101
240,21,5,2,101
241,21,70,0,23760000
241,21,70,1,0.325319
241,21,70,2,100
241,21,69,0,33420000
241,21,69,1,0.403708
241,21,69,2,101
241,21,54,0,31678800
241,21,54,1,0.655118
241,21,54,2,101
241,21,5,0,9720000
241,21,5,1,0.691557
241,21,5,2,101
242,21,70,0,20720000
242,21,70,1,0.492576
242,21,70,2,100
242,21,69,0,31810000
242,21,69,1,0.601043
242,21,69,2,101
242,21,55,0,42156200
242,21,55,1,0.014482
242,21,55,2,101
242,21,5,0,9350000
242,21,5,1,0.738866
242,21,5,2,101
243,21,70,0,23010000
243,21,70,1,0.458943
243,21,70,2,100
243,21,69,0,32780000
243,21,69,1,0.570782
243,21,69,2,101
243,21,56,0,41672200
243,21,56,1,0.632938
243,21,56,2,101
243,21,5,0,9460000
243,21,5,1,0.721895
243,21,5,2,101
244,21,70,0,22610000
244,21,70,1,0.504026
244,21,70,2,100
244,21,69,0,32740000
244,21,69,1,0.633025
244,21,69,2,101
244,21,57,0,62036800
244,21,57,1,0.064563
244,21,57,2,101
244,21,5,0,9510000
244,21,5,1,0.770880
244,21,5,2,101
245,21,70,0,22610000
245,21,70,1,0.460815
245,21,70,2,100
245,21,69,0,32790000
245,21,69,1,0.451614
245,21,69,2,101
245,21,58,0,118433800
245,21,58,1,0.186090
245,21,58,2,101
245,21,5,0,9580000
245,21,5,1,0.722292
245,21,5,2,101
246,21,70,0,24230000
246,21,70,1,0.438164
246,21,70,2,100
246,21,69,0,33620000
246,21,69,1,0.438656
246,21,69,2,101
246,21,59,0,128223400
246,21,59,1,0.111386
246,21,59,2,101
246,21,5,0,9870000
246,21,5,1,0.713976
246,21,5,2,101
247,21,70,0,22950000
247,21,70,1,0.468756
247,21,70,2,100
247,21,69,0,32350000
247,21,69,1,0.489763
247,21,69,2,101
247,21,60,0,135880400
247,21,60,1,0.187320
247,21,60,2,101
247,21,5,0,9290000
247,21,5,1,0.741571
247,21,5,2,101
248,21,70,0,22190000
248,21,70,1,0.423590
248,21,70,2,100
248,21,69,0,32360000
248,21,69,1,0.423724
248,21,69,2,101
248,21,61,0,114227000
248,21,61,1,0.191500
248,21,61,2,101
248,21,5,0,9570000
248,21,5,1,0.697522
248,21,5,2,101
249,21,70,0,156850000
249,21,70,1,0.528788
249,21,70,2,100
249,21,69,0,73012000
249,21,69,1,0.626481
249,21,69,2,101
249,21,62,0,105980200
249,21,62,1,0.104305
249,21,62,2,101
249,21,5,0,8220000
249,21,5,1,0.784074
249,21,5,2,101
250,21,70,0,661760000
250,21,70,1,0.358759
250,21,70,2,100
250,21,69,0,109993200
250,21,69,1,0.545225
250,21,69,2,101
250,21,63,0,129440000
250,21,63,1,0.083106
250,21,63,2,101
250,21,5,0,28255600
250,21,5,1,0.665742
250,21,5,2,101
251,21,70,0,633240000
251,21,70,1,0.352177
251,21,70,2,100
251,21,69,0,245676000
251,21,69,1,0.514608
251,21,69,2,101
251,21,64,0,154540000
251,21,64,1,0.264709
251,21,64,2,101
251,21,5,0,7430000
251,21,5,1,0.655662
251,21,5,2,101
252,21,70,0,851870000
252,21,70,1,0.400359
252,21,70,2,100
252,21,69,0,75972600
252,21,69,1,0.572998
252,21,69,2,101
252,21,65,0,134855800
252,21,65,1,0.155792
252,21,65,2,101
252,21,5,0,8020000
252,21,5,1,0.719749
252,21,5,2,101
253,21,70,0,23780000
253,21,70,1,0.295583
253,21,70,2,100
253,21,69,0,33100000
253,21,69,1,0.297313
253,21,69,2,101
253,21,66,0,218697000
253,21,66,1,0.114471
253,21,66,2,101
253,21,5,0,9890000
253,21,5,1,0.586654
253,21,5,2,101
254,21,70,0,17410000
254,21,70,1,0.429811
254,21,70,2,100
254,21,69,0,31060000
254,21,69,1,0.479230
254,21,69,2,101
254,21,67,0,225952400
254,21,67,1,0.372003
254,21,67,2,101
254,21,5,0,8780000
254,21,5,1,0.679542
254,21,5,2,101
255,21,70,0,17460000
255,21,70,1,0.461438
255,21,70,2,100
255,21,69,0,29770000
255,21,69,1,0.532392
255,21,69,2,101
255,21,68,0,267051200
255,21,68,1,0.262991
255,21,68,2,101
255,21,5,0,8840000
255,21,5,1,0.712743
255,21,5,2,101
